stock_code,date_start,date_end,score,c1,c2,c3,股票名称,地区,行业,市场类型,上市状态,上市日期,是否沪深港通标的,企业性质,同花顺链接
002527.SZ,2026-03-05,2026-03-09,-0.5583449684761191,14.98,15.14,14.98,新时达,上海,电器仪表,主板,L,2010-12-24 00:00:00,S,集体企业,https://stockpage.10jqka.com.cn/002527/
300333.SZ,2026-03-05,2026-03-09,-0.5590148351823939,10.13,10.25,10.14,兆日科技,深圳,IT设备,创业板,L,2012-06-28 00:00:00,N,民营企业,https://stockpage.10jqka.com.cn/300333/
000630.SZ,2025-12-30,2026-01-05,-0.5598179223989665,5.8,6.01,5.82,铜陵有色,安徽,铜,主板,L,1996-11-20 00:00:00,S,地方国有企业,https://stockpage.10jqka.com.cn/000630/
300906.SZ,2025-12-22,2025-12-24,-0.5606112640209614,38.17,39.0,38.23,日月明,江西,运输设备,创业板,L,2020-11-05 00:00:00,N,民营企业,https://stockpage.10jqka.com.cn/300906/
920017.BJ,2026-03-05,2026-03-09,-0.5610096628404191,18.15,18.39,18.13,星昊医药,北京,化学制药,北交所,L,2023-05-31 00:00:00,N,民营企业,https://stockpage.10jqka.com.cn/920017/
301320.SZ,2026-01-21,2026-01-23,-0.5615568994187033,18.5,18.75,18.5,豪江智能,山东,电气设备,创业板,L,2023-06-09 00:00:00,N,民营企业,https://stockpage.10jqka.com.cn/301320/
600792.SH,2026-02-04,2026-02-06,-0.5620480576908311,4.64,4.83,4.66,云煤能源,云南,焦炭加工,主板,L,1997-01-23 00:00:00,N,地方国有企业,https://stockpage.10jqka.com.cn/600792/
300197.SZ,2026-03-05,2026-03-09,-0.5622174222429258,1.87,1.89,1.87,节能铁汉,深圳,环境保护,创业板,L,2011-03-29 00:00:00,S,中央企业,https://stockpage.10jqka.com.cn/300197/
603721.SH,2026-02-26,2026-03-02,-0.5643204341483765,21.91,22.22,21.94,*ST天择,湖南,影视音像,主板,L,2017-08-11 00:00:00,N,地方国有企业,https://stockpage.10jqka.com.cn/603721/
002524.SZ,2026-01-26,2026-01-28,-0.5665041076626783,5.05,5.56,5.08,光正眼科,新疆,医疗保健,主板,L,2010-12-17 00:00:00,N,民营企业,https://stockpage.10jqka.com.cn/002524/
603297.SH,2026-02-26,2026-03-02,-0.5679158084071014,126.1,128.95,126.36,永新光学,浙江,元器件,主板,L,2018-09-10 00:00:00,H,外资,https://stockpage.10jqka.com.cn/603297/
603203.SH,2026-03-05,2026-03-09,-0.5680886553743232,39.91,40.55,39.9,快克智能,江苏,专用机械,主板,L,2016-11-08 00:00:00,H,民营企业,https://stockpage.10jqka.com.cn/603203/
301315.SZ,2026-02-04,2026-02-06,-0.5683392802235807,60.98,62.2,61.06,威士顿,上海,软件服务,创业板,L,2023-06-21 00:00:00,N,民营企业,https://stockpage.10jqka.com.cn/301315/
600678.SH,2026-01-06,2026-01-08,-0.5702291866701704,14.48,14.68,14.48,四川金顶,四川,水泥,主板,L,1993-10-08 00:00:00,N,地方国有企业,https://stockpage.10jqka.com.cn/600678/
301022.SZ,2026-03-05,2026-03-09,-0.5708014110897673,31.62,31.96,31.62,海泰科,山东,专用机械,创业板,L,2021-07-02 00:00:00,N,民营企业,https://stockpage.10jqka.com.cn/301022/
600481.SH,2026-01-28,2026-01-30,-0.5712145562509142,8.89,9.26,8.89,双良节能,江苏,电气设备,主板,L,2003-04-22 00:00:00,H,民营企业,https://stockpage.10jqka.com.cn/600481/
000551.SZ,2026-03-05,2026-03-09,-0.5737526311170806,14.37,14.57,14.38,创元科技,江苏,专用机械,主板,L,1994-01-06 00:00:00,S,地方国有企业,https://stockpage.10jqka.com.cn/000551/
600236.SH,2026-03-04,2026-03-06,-0.5740948885027698,10.85,11.62,10.95,桂冠电力,广西,水力发电,主板,L,2000-03-23 00:00:00,H,中央企业,https://stockpage.10jqka.com.cn/600236/
002419.SZ,2025-12-18,2025-12-22,-0.5744441070810352,5.92,6.0,5.92,天虹股份,深圳,百货,主板,L,2010-06-01 00:00:00,S,中央企业,https://stockpage.10jqka.com.cn/002419/
600229.SH,2026-01-22,2026-01-26,-0.5750938145371292,6.69,6.75,6.68,城市传媒,山东,出版业,主板,L,2000-03-09 00:00:00,H,地方国有企业,https://stockpage.10jqka.com.cn/600229/
002207.SZ,2026-01-13,2026-01-15,-0.5755246333797428,9.02,9.28,9.02,准油股份,新疆,石油开采,主板,L,2008-01-28 00:00:00,N,地方国有企业,https://stockpage.10jqka.com.cn/002207/
601702.SH,2026-01-28,2026-01-30,-0.5759863011363171,26.07,27.83,26.34,华峰铝业,上海,铝,主板,L,2020-09-07 00:00:00,H,民营企业,https://stockpage.10jqka.com.cn/601702/
300486.SZ,2025-12-15,2025-12-31,-0.5765738538600579,19.7,21.59,19.61,东杰智能,山西,专用机械,创业板,L,2015-06-30 00:00:00,S,民营企业,https://stockpage.10jqka.com.cn/300486/
301297.SZ,2026-03-05,2026-03-09,-0.5767698776570968,35.99,36.42,35.94,富乐德,安徽,半导体,创业板,L,2022-12-30 00:00:00,S,其他,https://stockpage.10jqka.com.cn/301297/
920092.BJ,2025-12-16,2025-12-18,-0.5774664403501709,39.75,41.27,39.54,汉鑫科技,山东,软件服务,北交所,L,2021-11-15 00:00:00,N,民营企业,https://stockpage.10jqka.com.cn/920092/
300078.SZ,2025-12-30,2026-01-05,-0.5777620098434969,4.24,4.43,4.22,思创智联,浙江,软件服务,创业板,L,2010-04-30 00:00:00,N,其他,https://stockpage.10jqka.com.cn/300078/
688101.SH,2026-01-15,2026-01-19,-0.5778927155923603,17.89,18.2,17.93,三达膜,陕西,环境保护,科创板,L,2019-11-15 00:00:00,H,自然人,https://stockpage.10jqka.com.cn/688101/
002350.SZ,2026-03-10,2026-03-12,-0.5781106505060872,15.22,15.54,15.2,北京科锐,北京,电气设备,主板,L,2010-02-03 00:00:00,N,民营企业,https://stockpage.10jqka.com.cn/002350/
605358.SH,2026-02-25,2026-02-27,-0.5787448409653094,41.72,42.29,41.81,立昂微,浙江,半导体,主板,L,2020-09-11 00:00:00,H,民营企业,https://stockpage.10jqka.com.cn/605358/
300818.SZ,2026-01-14,2026-01-16,-0.5790144343267176,39.07,39.7,39.01,耐普矿机,江西,专用机械,创业板,L,2020-02-12 00:00:00,N,民营企业,https://stockpage.10jqka.com.cn/300818/
688653.SH,2026-03-05,2026-03-09,-0.5793881352804464,13.59,13.83,13.6,康希通信,上海,半导体,科创板,L,2023-11-17 00:00:00,H,自然人,https://stockpage.10jqka.com.cn/688653/
002570.SZ,2026-01-16,2026-01-20,-0.5800762590940866,6.33,6.5,6.34,贝因美,浙江,乳制品,主板,L,2011-04-12 00:00:00,S,民营企业,https://stockpage.10jqka.com.cn/002570/
002201.SZ,2026-01-23,2026-01-27,-0.5804190385656744,14.8,16.28,15.03,九鼎新材,江苏,玻璃,主板,L,2007-12-26 00:00:00,S,民营企业,https://stockpage.10jqka.com.cn/002201/
600336.SH,2026-03-05,2026-03-09,-0.5827594112386224,7.39,7.47,7.4,澳柯玛,山东,家用电器,主板,L,2000-12-29 00:00:00,H,地方国有企业,https://stockpage.10jqka.com.cn/600336/
301522.SZ,2025-12-12,2025-12-16,-0.5842262809163417,34.26,34.68,34.3,上大股份,河北,小金属,创业板,L,2024-10-16 00:00:00,S,民营企业,https://stockpage.10jqka.com.cn/301522/
300091.SZ,2025-12-30,2026-01-06,-0.5850513122759425,2.99,3.18,2.96,*ST金灵,江苏,机械基件,创业板,L,2010-06-25 00:00:00,N,民营企业,https://stockpage.10jqka.com.cn/300091/
600105.SH,2025-12-26,2025-12-30,-0.5853527362784045,25.88,26.14,25.91,永鼎股份,江苏,通信设备,主板,L,1997-09-29 00:00:00,H,民营企业,https://stockpage.10jqka.com.cn/600105/
600100.SH,2026-02-26,2026-03-02,-0.5857512161029684,9.37,9.52,9.35,同方股份,北京,IT设备,主板,L,1997-06-27 00:00:00,H,中央企业,https://stockpage.10jqka.com.cn/600100/
301005.SZ,2025-12-12,2025-12-16,-0.5858284788034079,96.78,101.7,97.5,超捷股份,上海,汽车配件,创业板,L,2021-06-01 00:00:00,S,民营企业,https://stockpage.10jqka.com.cn/301005/
002792.SZ,2026-01-23,2026-01-27,-0.5865987195284699,52.17,55.25,52.7,通宇通讯,广东,通信设备,主板,L,2016-03-28 00:00:00,S,民营企业,https://stockpage.10jqka.com.cn/002792/
603130.SH,2026-01-07,2026-01-09,-0.5867638056716121,55.4,56.32,55.3,云中马,浙江,纺织,主板,L,2022-11-18 00:00:00,H,民营企业,https://stockpage.10jqka.com.cn/603130/
301321.SZ,2026-03-05,2026-03-09,-0.5870131267855273,23.03,23.46,23.01,翰博高新,安徽,元器件,创业板,L,2022-08-18 00:00:00,N,民营企业,https://stockpage.10jqka.com.cn/301321/
300007.SZ,2026-03-05,2026-03-09,-0.588173294916682,48.28,48.95,48.28,汉威科技,河南,电器仪表,创业板,L,2009-10-30 00:00:00,S,民营企业,https://stockpage.10jqka.com.cn/300007/
600822.SH,2026-03-05,2026-03-09,-0.5883032285321003,10.45,10.63,10.47,上海物贸,上海,汽车服务,主板,L,1994-02-04 00:00:00,N,地方国有企业,https://stockpage.10jqka.com.cn/600822/
600838.SH,2026-03-05,2026-03-09,-0.5902543900888017,10.74,10.86,10.76,上海九百,上海,百货,主板,L,1994-02-24 00:00:00,N,地方国有企业,https://stockpage.10jqka.com.cn/600838/
301380.SZ,2025-12-31,2026-01-06,-0.590849681871504,37.8,38.98,37.92,挖金客,北京,软件服务,创业板,L,2022-10-25 00:00:00,N,民营企业,https://stockpage.10jqka.com.cn/301380/
603528.SH,2025-12-24,2025-12-26,-0.5910437128310437,10.62,10.74,10.62,多伦科技,江苏,软件服务,主板,L,2016-05-03 00:00:00,H,外资,https://stockpage.10jqka.com.cn/603528/
301491.SZ,2026-02-26,2026-03-02,-0.5917057008936998,57.82,58.85,58.03,汉桑科技,江苏,IT设备,创业板,L,2025-08-06 00:00:00,S,民营企业,https://stockpage.10jqka.com.cn/301491/
301392.SZ,2025-12-15,2025-12-17,-0.5929921487967796,141.09,142.42,140.91,汇成真空,广东,专用机械,创业板,L,2024-06-05 00:00:00,S,民营企业,https://stockpage.10jqka.com.cn/301392/
300307.SZ,2026-03-05,2026-03-09,-0.5941010460957519,6.99,7.07,6.99,慈星股份,浙江,纺织机械,创业板,L,2012-03-29 00:00:00,S,民营企业,https://stockpage.10jqka.com.cn/300307/
603400.SH,2026-02-26,2026-03-02,-0.5941322799051496,73.18,74.0,73.05,华之杰,江苏,机械基件,主板,L,2025-06-20 00:00:00,N,民营企业,https://stockpage.10jqka.com.cn/603400/
688077.SH,2025-12-19,2025-12-23,-0.5952715770912491,30.64,30.95,30.69,大地熊,安徽,矿物制品,科创板,L,2020-07-22 00:00:00,N,自然人,https://stockpage.10jqka.com.cn/688077/
300076.SZ,2026-03-05,2026-03-09,-0.5958645856090228,7.68,7.78,7.69,GQY视讯,浙江,IT设备,创业板,L,2010-04-30 00:00:00,N,地方国有企业,https://stockpage.10jqka.com.cn/300076/
605081.SH,2026-03-05,2026-03-09,-0.596280806707419,9.8,9.93,9.8,*ST太和,上海,环境保护,主板,L,2021-02-09 00:00:00,N,民营企业,https://stockpage.10jqka.com.cn/605081/
300051.SZ,2026-02-03,2026-02-05,-0.5964707756059183,10.47,11.15,10.43,琏升科技,江苏,综合类,创业板,L,2010-02-11 00:00:00,N,民营企业,https://stockpage.10jqka.com.cn/300051/
600824.SH,2026-01-06,2026-01-08,-0.5973598425948395,4.69,4.73,4.68,益民集团,上海,百货,主板,L,1994-02-04 00:00:00,N,地方国有企业,https://stockpage.10jqka.com.cn/600824/
300233.SZ,2026-03-05,2026-03-09,-0.5973703663941842,14.84,15.14,14.9,金城医药,山东,化学制药,创业板,L,2011-06-22 00:00:00,S,民营企业,https://stockpage.10jqka.com.cn/300233/
300449.SZ,2026-03-02,2026-03-04,-0.5976276849359828,8.43,8.55,8.43,汉邦高科,北京,IT设备,创业板,L,2015-04-22 00:00:00,N,民营企业,https://stockpage.10jqka.com.cn/300449/
002192.SZ,2025-12-23,2025-12-25,-0.5976468889706169,52.68,54.23,52.68,融捷股份,广东,小金属,主板,L,2007-12-05 00:00:00,S,民营企业,https://stockpage.10jqka.com.cn/002192/
603650.SH,2026-01-08,2026-01-12,-0.5997743453761106,56.73,57.62,56.66,彤程新材,上海,化工原料,主板,L,2018-06-27 00:00:00,H,外资,https://stockpage.10jqka.com.cn/603650/
300650.SZ,2026-03-05,2026-03-09,-0.5998201648197605,17.08,17.33,17.11,太龙股份,福建,元器件,创业板,L,2017-05-03 00:00:00,N,民营企业,https://stockpage.10jqka.com.cn/300650/
300591.SZ,2026-03-05,2026-03-09,-0.600548097092897,7.78,7.88,7.8,万里马,广东,服饰,创业板,L,2017-01-10 00:00:00,N,民营企业,https://stockpage.10jqka.com.cn/300591/
603031.SH,2026-03-05,2026-03-09,-0.6027181095323461,52.88,53.69,53.05,安孚科技,安徽,电气设备,主板,L,2016-08-22 00:00:00,H,民营企业,https://stockpage.10jqka.com.cn/603031/
688598.SH,2026-01-15,2026-01-19,-0.6031011425460611,30.7,31.15,30.63,金博股份,湖南,矿物制品,科创板,L,2020-05-18 00:00:00,H,自然人,https://stockpage.10jqka.com.cn/688598/
600138.SH,2026-01-06,2026-01-08,-0.6048319427851252,9.84,9.97,9.87,中青旅,北京,旅游景点,主板,L,1997-12-03 00:00:00,H,中央企业,https://stockpage.10jqka.com.cn/600138/
301302.SZ,2026-03-06,2026-03-10,-0.6057488833905201,33.0,33.68,32.99,华如科技,北京,软件服务,创业板,L,2022-06-23 00:00:00,N,民营企业,https://stockpage.10jqka.com.cn/301302/
002766.SZ,2026-01-12,2026-01-14,-0.6057569775239816,7.03,7.15,7.0,索菱股份,深圳,汽车配件,主板,L,2015-06-11 00:00:00,S,民营企业,https://stockpage.10jqka.com.cn/002766/
001366.SZ,2026-02-06,2026-02-10,-0.6071400469813235,14.89,15.38,14.99,播恩集团,江西,饲料,主板,L,2023-03-07 00:00:00,N,民营企业,https://stockpage.10jqka.com.cn/001366/
300249.SZ,2026-02-12,2026-02-24,-0.607548246910935,17.77,17.95,17.8,依米康,四川,IT设备,创业板,L,2011-08-03 00:00:00,S,民营企业,https://stockpage.10jqka.com.cn/300249/
688160.SH,2025-12-30,2026-01-05,-0.6087458808564764,145.99,152.5,147.0,步科股份,上海,电器仪表,科创板,L,2020-11-12 00:00:00,H,自然人,https://stockpage.10jqka.com.cn/688160/
301636.SZ,2026-02-06,2026-02-10,-0.6088683678036615,103.89,107.88,104.6,泽润新能,江苏,电气设备,创业板,L,2025-05-16 00:00:00,N,民营企业,https://stockpage.10jqka.com.cn/301636/
002756.SZ,2025-12-23,2025-12-25,-0.6096302829283047,50.54,51.93,50.46,永兴材料,浙江,小金属,主板,L,2015-05-15 00:00:00,S,民营企业,https://stockpage.10jqka.com.cn/002756/
002253.SZ,2026-03-05,2026-03-09,-0.6108273765681091,10.44,10.65,10.47,*ST智胜,四川,软件服务,主板,L,2008-06-23 00:00:00,N,民营企业,https://stockpage.10jqka.com.cn/002253/
300193.SZ,2026-03-05,2026-03-09,-0.6114355441205065,9.78,9.9,9.76,佳士科技,深圳,专用机械,创业板,L,2011-03-22 00:00:00,N,民营企业,https://stockpage.10jqka.com.cn/300193/
300959.SZ,2026-03-05,2026-03-09,-0.6124240200658084,81.98,82.9,81.76,线上线下,江苏,电信运营,创业板,L,2021-03-22 00:00:00,S,民营企业,https://stockpage.10jqka.com.cn/300959/
603220.SH,2026-02-26,2026-03-02,-0.6126757982132829,27.1,27.8,27.01,中贝通信,湖北,通信设备,主板,L,2018-11-15 00:00:00,H,民营企业,https://stockpage.10jqka.com.cn/603220/
300769.SZ,2025-12-23,2025-12-25,-0.6141722188452702,44.34,44.89,44.45,德方纳米,深圳,化工原料,创业板,L,2019-04-15 00:00:00,S,其他,https://stockpage.10jqka.com.cn/300769/
002243.SZ,2026-01-05,2026-01-07,-0.6152798913187902,10.75,10.86,10.74,力合科创,深圳,广告包装,主板,L,2008-05-28 00:00:00,S,地方国有企业,https://stockpage.10jqka.com.cn/002243/
688981.SH,2026-02-09,2026-02-11,-0.6160560565169629,114.93,116.2,115.01,中芯国际,上海,半导体,科创板,L,2020-07-16 00:00:00,H,其他,https://stockpage.10jqka.com.cn/688981/
300808.SZ,2026-01-26,2026-01-28,-0.6161747974855224,31.94,32.75,32.13,久量股份,湖北,家用电器,创业板,L,2019-11-29 00:00:00,N,地方国有企业,https://stockpage.10jqka.com.cn/300808/
301380.SZ,2026-01-07,2026-01-09,-0.6162247790629878,39.5,40.5,39.72,挖金客,北京,软件服务,创业板,L,2022-10-25 00:00:00,N,民营企业,https://stockpage.10jqka.com.cn/301380/
300835.SZ,2026-02-25,2026-02-27,-0.6165535057188182,89.52,91.06,89.75,龙磁科技,安徽,矿物制品,创业板,L,2020-05-25 00:00:00,S,民营企业,https://stockpage.10jqka.com.cn/300835/
688237.SH,2026-02-06,2026-02-10,-0.6165986625182953,48.89,49.85,48.98,超卓航科,湖北,航空,科创板,L,2022-07-01 00:00:00,N,自然人,https://stockpage.10jqka.com.cn/688237/
603072.SH,2026-01-06,2026-01-08,-0.6176061633050303,42.37,43.02,42.5,天和磁材,内蒙,矿物制品,主板,L,2025-01-03 00:00:00,H,民营企业,https://stockpage.10jqka.com.cn/603072/
300807.SZ,2026-03-05,2026-03-09,-0.6180089960674849,51.76,52.56,51.54,天迈科技,河南,软件服务,创业板,L,2019-12-19 00:00:00,N,外资,https://stockpage.10jqka.com.cn/300807/
688172.SH,2026-01-19,2026-01-21,-0.618135601118194,36.9,38.1,36.53,燕东微,北京,半导体,科创板,L,2022-12-16 00:00:00,H,企业,https://stockpage.10jqka.com.cn/688172/
002549.SZ,2025-12-12,2025-12-16,-0.6183121840012674,20.43,20.65,20.48,凯美特气,湖南,环境保护,主板,L,2011-02-18 00:00:00,S,外资,https://stockpage.10jqka.com.cn/002549/
002738.SZ,2026-02-11,2026-02-13,-0.6186102925175923,84.72,85.66,84.44,中矿资源,北京,小金属,主板,L,2014-12-30 00:00:00,S,民营企业,https://stockpage.10jqka.com.cn/002738/
000558.SZ,2026-03-05,2026-03-09,-0.6206468374825606,4.68,4.76,4.7,天府文旅,四川,旅游景点,主板,L,1994-05-09 00:00:00,S,地方国有企业,https://stockpage.10jqka.com.cn/000558/
603601.SH,2026-01-05,2026-01-07,-0.6211542890530058,12.99,13.53,13.11,再升科技,重庆,玻璃,主板,L,2015-01-22 00:00:00,N,民营企业,https://stockpage.10jqka.com.cn/603601/
603390.SH,2025-12-16,2025-12-18,-0.622500872183461,12.83,13.06,12.88,通达电气,广东,汽车配件,主板,L,2019-11-25 00:00:00,N,民营企业,https://stockpage.10jqka.com.cn/603390/
002406.SZ,2026-03-05,2026-03-09,-0.6227521599319182,7.96,8.1,8.0,远东传动,河南,汽车配件,主板,L,2010-05-18 00:00:00,S,民营企业,https://stockpage.10jqka.com.cn/002406/
301158.SZ,2026-01-23,2026-01-27,-0.6232294449429946,24.36,24.92,24.34,德石股份,山东,专用机械,创业板,L,2022-01-17 00:00:00,N,民营企业,https://stockpage.10jqka.com.cn/301158/
688259.SH,2026-03-05,2026-03-09,-0.6247117442439122,38.73,39.49,38.79,创耀科技,江苏,半导体,科创板,L,2022-01-12 00:00:00,N,自然人,https://stockpage.10jqka.com.cn/688259/
301025.SZ,2025-12-18,2025-12-29,-0.6247956563544051,9.62,10.2,9.79,读客文化,上海,出版业,创业板,L,2021-07-19 00:00:00,N,民营企业,https://stockpage.10jqka.com.cn/301025/
300792.SZ,2025-12-16,2025-12-18,-0.6253672391329677,27.63,27.99,27.68,壹网壹创,浙江,互联网,创业板,L,2019-09-27 00:00:00,S,民营企业,https://stockpage.10jqka.com.cn/300792/
002569.SZ,2026-01-29,2026-02-02,-0.6262243796954785,14.2,14.53,14.15,*ST步森,浙江,服饰,主板,L,2011-04-12 00:00:00,N,地方国有企业,https://stockpage.10jqka.com.cn/002569/
300681.SZ,2026-03-05,2026-03-09,-0.6262621224975653,23.22,23.59,23.21,英搏尔,广东,汽车配件,创业板,L,2017-07-25 00:00:00,S,民营企业,https://stockpage.10jqka.com.cn/300681/
601011.SH,2026-01-22,2026-01-26,-0.6269496388143909,3.45,3.49,3.44,宝泰隆,黑龙江,焦炭加工,主板,L,2011-03-09 00:00:00,H,民营企业,https://stockpage.10jqka.com.cn/601011/
000793.SZ,2026-03-05,2026-03-09,-0.627303898097037,2.85,2.88,2.84,ST华闻,海南,出版业,主板,L,1997-07-29 00:00:00,N,中央企业,https://stockpage.10jqka.com.cn/000793/
300943.SZ,2026-03-05,2026-03-09,-0.6274700330680354,34.89,35.98,34.63,春晖智控,浙江,机械基件,创业板,L,2021-02-10 00:00:00,N,民营企业,https://stockpage.10jqka.com.cn/300943/
600326.SH,2026-03-05,2026-03-09,-0.6279073439947155,10.68,10.89,10.74,西藏天路,西藏,水泥,主板,L,2001-01-16 00:00:00,H,地方国有企业,https://stockpage.10jqka.com.cn/600326/
600006.SH,2026-01-12,2026-01-14,-0.6283537467049178,7.38,7.45,7.37,东风股份,湖北,汽车整车,主板,L,1999-07-27 00:00:00,H,中央企业,https://stockpage.10jqka.com.cn/600006/
605060.SH,2026-02-25,2026-02-27,-0.6289496185770558,68.28,73.0,69.58,联德股份,浙江,机械基件,主板,L,2021-03-01 00:00:00,H,民营企业,https://stockpage.10jqka.com.cn/605060/
605305.SH,2026-03-05,2026-03-09,-0.629572853034819,37.6,38.05,37.6,中际联合,北京,工程机械,主板,L,2021-05-06 00:00:00,H,民营企业,https://stockpage.10jqka.com.cn/605305/
300295.SZ,2026-01-19,2026-01-21,-0.6299993594818231,13.24,13.39,13.23,三六五网,江苏,互联网,创业板,L,2012-03-15 00:00:00,N,其他,https://stockpage.10jqka.com.cn/300295/
920418.BJ,2025-12-12,2025-12-16,-0.6301481365139515,30.2,30.53,30.21,苏轴股份,江苏,汽车配件,北交所,L,2020-07-27 00:00:00,N,地方国有企业,https://stockpage.10jqka.com.cn/920418/
301365.SZ,2026-02-09,2026-02-11,-0.6304666704371,24.98,25.7,24.96,矩阵股份,深圳,建筑工程,创业板,L,2022-11-22 00:00:00,N,民营企业,https://stockpage.10jqka.com.cn/301365/
002192.SZ,2026-02-11,2026-02-13,-0.6324501346228589,52.78,53.38,52.56,融捷股份,广东,小金属,主板,L,2007-12-05 00:00:00,S,民营企业,https://stockpage.10jqka.com.cn/002192/
001206.SZ,2026-01-19,2026-01-21,-0.6343010255578172,28.27,28.66,28.39,依依股份,天津,造纸,主板,L,2021-05-18 00:00:00,N,民营企业,https://stockpage.10jqka.com.cn/001206/
600839.SH,2026-01-14,2026-01-16,-0.6346481085435024,10.19,10.7,10.2,四川长虹,四川,家用电器,主板,L,1994-03-11 00:00:00,H,地方国有企业,https://stockpage.10jqka.com.cn/600839/
000893.SZ,2026-03-06,2026-03-10,-0.6350658144944882,64.01,66.0,64.19,亚钾国际,广东,农药化肥,主板,L,1998-12-24 00:00:00,S,其他,https://stockpage.10jqka.com.cn/000893/
600550.SH,2026-02-25,2026-02-27,-0.6357894494360089,17.4,17.77,17.48,保变电气,河北,电气设备,主板,L,2001-02-28 00:00:00,H,中央企业,https://stockpage.10jqka.com.cn/600550/
688275.SH,2025-12-23,2025-12-25,-0.6358906039771435,75.75,77.35,76.24,万润新能,湖北,电气设备,科创板,L,2022-09-29 00:00:00,H,自然人,https://stockpage.10jqka.com.cn/688275/
002865.SZ,2026-03-05,2026-03-09,-0.6364355270277746,87.02,92.0,87.42,钧达股份,海南,电气设备,主板,L,2017-04-25 00:00:00,S,民营企业,https://stockpage.10jqka.com.cn/002865/
920564.BJ,2026-02-26,2026-03-02,-0.637212622479079,28.96,29.38,28.96,天润科技,陕西,软件服务,北交所,L,2022-06-17 00:00:00,N,民营企业,https://stockpage.10jqka.com.cn/920564/
001359.SZ,2026-03-05,2026-03-09,-0.6375728415169346,77.16,77.99,77.06,平安电工,湖北,矿物制品,主板,L,2024-03-28 00:00:00,S,民营企业,https://stockpage.10jqka.com.cn/001359/
300875.SZ,2026-03-03,2026-03-05,-0.6403933278764894,54.06,55.79,53.74,捷强装备,天津,专用机械,创业板,L,2020-08-24 00:00:00,N,民营企业,https://stockpage.10jqka.com.cn/300875/
002129.SZ,2026-02-04,2026-02-06,-0.6441489925168338,10.57,10.74,10.62,TCL中环,天津,电气设备,主板,L,2007-04-20 00:00:00,S,其他,https://stockpage.10jqka.com.cn/002129/
300085.SZ,2026-02-04,2026-02-06,-0.6454614223087158,39.09,39.93,39.17,银之杰,深圳,软件服务,创业板,L,2010-05-26 00:00:00,S,其他,https://stockpage.10jqka.com.cn/300085/
002548.SZ,2026-03-05,2026-03-09,-0.6467761102880889,6.67,6.75,6.65,金新农,深圳,饲料,主板,L,2011-02-18 00:00:00,N,其他,https://stockpage.10jqka.com.cn/002548/
603757.SH,2026-02-25,2026-02-27,-0.6473820760526405,44.73,46.42,45.3,大元泵业,浙江,机械基件,主板,L,2017-07-11 00:00:00,H,民营企业,https://stockpage.10jqka.com.cn/603757/
600289.SH,2026-02-26,2026-03-02,-0.6474318205098706,6.98,7.25,7.06,ST信通,黑龙江,软件服务,主板,L,2000-07-20 00:00:00,N,民营企业,https://stockpage.10jqka.com.cn/600289/
002917.SZ,2026-01-19,2026-01-21,-0.6474474461096217,14.5,14.74,14.58,金奥博,深圳,化工原料,主板,L,2017-12-08 00:00:00,N,民营企业,https://stockpage.10jqka.com.cn/002917/
600916.SH,2026-01-20,2026-01-22,-0.6474490596658665,8.33,8.49,8.38,中国黄金,北京,服饰,主板,L,2021-02-05 00:00:00,H,中央企业,https://stockpage.10jqka.com.cn/600916/
600531.SH,2025-12-26,2025-12-30,-0.648753086482188,11.8,12.24,11.93,豫光金铅,河南,铅锌,主板,L,2002-07-30 00:00:00,H,地方国有企业,https://stockpage.10jqka.com.cn/600531/
002592.SZ,2026-01-30,2026-02-03,-0.649071224087549,10.51,10.98,10.67,ST八菱,广西,汽车配件,主板,L,2011-11-11 00:00:00,N,民营企业,https://stockpage.10jqka.com.cn/002592/
603993.SH,2026-01-06,2026-01-08,-0.6500624587801989,21.68,21.97,21.68,洛阳钼业,河南,小金属,主板,L,2012-10-09 00:00:00,H,民营企业,https://stockpage.10jqka.com.cn/603993/
002565.SZ,2026-02-03,2026-02-05,-0.6504822980777226,16.93,17.87,17.14,顺灏股份,上海,造纸,主板,L,2011-03-18 00:00:00,S,外资,https://stockpage.10jqka.com.cn/002565/
688603.SH,2026-02-26,2026-03-02,-0.6505600733420872,85.21,87.5,85.68,天承科技,上海,化工原料,科创板,L,2023-07-10 00:00:00,H,自然人,https://stockpage.10jqka.com.cn/688603/
600079.SH,2026-01-29,2026-02-02,-0.6526370684899713,18.18,18.38,18.19,ST人福,湖北,化学制药,主板,L,1997-06-06 00:00:00,N,中央企业,https://stockpage.10jqka.com.cn/600079/
301314.SZ,2026-02-04,2026-02-06,-0.6546805085454327,48.44,50.21,48.3,科瑞思,广东,元器件,创业板,L,2023-03-28 00:00:00,N,民营企业,https://stockpage.10jqka.com.cn/301314/
003009.SZ,2025-12-25,2025-12-29,-0.6567117757051112,68.57,70.83,69.12,中天火箭,陕西,航空,主板,L,2020-09-25 00:00:00,S,中央企业,https://stockpage.10jqka.com.cn/003009/
003016.SZ,2026-03-05,2026-03-09,-0.6571381026100075,8.37,8.52,8.41,欣贺股份,福建,服饰,主板,L,2020-10-26 00:00:00,N,外资,https://stockpage.10jqka.com.cn/003016/
600593.SH,2026-01-19,2026-01-21,-0.6575355073989373,48.53,50.15,49.04,大连圣亚,辽宁,旅游景点,主板,L,2002-07-11 00:00:00,N,地方国有企业,https://stockpage.10jqka.com.cn/600593/
603269.SH,2026-02-03,2026-02-05,-0.6576597792240607,12.41,12.7,12.49,海鸥股份,江苏,机械基件,主板,L,2017-05-17 00:00:00,N,民营企业,https://stockpage.10jqka.com.cn/603269/
002365.SZ,2026-01-19,2026-01-21,-0.6588629023844295,15.61,15.87,15.68,永安药业,湖北,化学制药,主板,L,2010-03-05 00:00:00,S,民营企业,https://stockpage.10jqka.com.cn/002365/
300053.SZ,2025-12-26,2025-12-30,-0.6593743319779886,18.21,18.6,18.33,航宇微,广东,半导体,创业板,L,2010-02-11 00:00:00,S,地方国有企业,https://stockpage.10jqka.com.cn/300053/
601212.SH,2025-12-26,2025-12-30,-0.6596554802951157,5.87,6.24,5.95,白银有色,甘肃,铜,主板,L,2017-02-15 00:00:00,H,其他,https://stockpage.10jqka.com.cn/601212/
688718.SH,2026-02-26,2026-03-02,-0.660503425765377,15.43,15.86,15.58,唯赛勃,上海,塑料,科创板,L,2021-07-28 00:00:00,N,自然人,https://stockpage.10jqka.com.cn/688718/
002237.SZ,2025-12-26,2025-12-30,-0.660665949436355,13.37,13.54,13.36,恒邦股份,山东,黄金,主板,L,2008-05-20 00:00:00,S,地方国有企业,https://stockpage.10jqka.com.cn/002237/
300051.SZ,2026-01-19,2026-01-21,-0.6609475564167255,8.54,8.75,8.58,琏升科技,江苏,综合类,创业板,L,2010-02-11 00:00:00,N,民营企业,https://stockpage.10jqka.com.cn/300051/
920394.BJ,2025-12-24,2025-12-26,-0.661933275024361,38.4,39.8,38.78,民士达,山东,造纸,北交所,L,2023-04-25 00:00:00,N,地方国有企业,https://stockpage.10jqka.com.cn/920394/
688334.SH,2026-02-25,2026-02-27,-0.6628328844004123,24.85,25.43,25.02,西高院,陕西,电气设备,科创板,L,2023-06-19 00:00:00,H,企业,https://stockpage.10jqka.com.cn/688334/
301387.SZ,2026-02-26,2026-03-02,-0.6633887689520211,60.94,61.82,61.25,光大同创,深圳,元器件,创业板,L,2023-04-18 00:00:00,N,民营企业,https://stockpage.10jqka.com.cn/301387/
603138.SH,2026-02-26,2026-03-02,-0.6634432655692948,22.26,22.8,22.3,海量数据,北京,软件服务,主板,L,2017-03-06 00:00:00,N,民营企业,https://stockpage.10jqka.com.cn/603138/
600979.SH,2026-02-26,2026-03-02,-0.6641379545515397,5.03,5.13,5.06,广安爱众,四川,水力发电,主板,L,2004-09-06 00:00:00,H,地方国有企业,https://stockpage.10jqka.com.cn/600979/
603163.SH,2026-02-26,2026-03-02,-0.6646921184365205,143.07,145.74,141.6,圣晖集成,江苏,建筑工程,主板,L,2022-10-13 00:00:00,N,其他,https://stockpage.10jqka.com.cn/603163/
300015.SZ,2026-02-04,2026-02-06,-0.6651837547799403,11.23,11.51,11.07,爱尔眼科,湖南,医疗保健,创业板,L,2009-10-30 00:00:00,S,民营企业,https://stockpage.10jqka.com.cn/300015/
920527.BJ,2026-01-12,2026-01-14,-0.6654173568925202,19.2,19.46,19.21,夜光明,浙江,化工原料,北交所,L,2022-10-27 00:00:00,N,民营企业,https://stockpage.10jqka.com.cn/920527/
300215.SZ,2026-02-02,2026-02-04,-0.6655592815986268,9.68,9.82,9.62,电科院,江苏,电气设备,创业板,L,2011-05-11 00:00:00,N,民营企业,https://stockpage.10jqka.com.cn/300215/
603607.SH,2026-02-12,2026-02-24,-0.665731166240232,24.83,25.54,24.44,京华激光,浙江,造纸,主板,L,2017-10-25 00:00:00,N,民营企业,https://stockpage.10jqka.com.cn/603607/
300552.SZ,2025-12-16,2025-12-18,-0.6677499168223701,28.06,29.26,28.5,万集科技,北京,IT设备,创业板,L,2016-10-21 00:00:00,S,民营企业,https://stockpage.10jqka.com.cn/300552/
688315.SH,2026-03-05,2026-03-09,-0.6678938850068534,14.19,14.42,14.27,诺禾致源,北京,医疗保健,科创板,L,2021-04-13 00:00:00,H,自然人,https://stockpage.10jqka.com.cn/688315/
300051.SZ,2026-01-23,2026-01-27,-0.6686495229599588,10.8,11.23,10.96,琏升科技,江苏,综合类,创业板,L,2010-02-11 00:00:00,N,民营企业,https://stockpage.10jqka.com.cn/300051/
600207.SH,2026-02-26,2026-03-02,-0.6689213222125293,5.49,5.65,5.53,安彩高科,河南,电气设备,主板,L,1999-07-14 00:00:00,H,地方国有企业,https://stockpage.10jqka.com.cn/600207/
603283.SH,2026-01-06,2026-01-08,-0.6694197241024552,45.62,47.3,45.21,赛腾股份,江苏,专用机械,主板,L,2017-12-25 00:00:00,H,民营企业,https://stockpage.10jqka.com.cn/603283/
920198.BJ,2026-01-07,2026-01-09,-0.6707471244355713,11.02,11.22,10.92,微创光电,湖北,IT设备,北交所,L,2020-07-27 00:00:00,N,地方国有企业,https://stockpage.10jqka.com.cn/920198/
688432.SH,2026-02-25,2026-02-27,-0.6715455491819218,17.76,17.95,17.66,有研硅,北京,半导体,科创板,L,2022-11-10 00:00:00,H,自然人,https://stockpage.10jqka.com.cn/688432/
605258.SH,2026-03-05,2026-03-09,-0.6717079407556508,34.5,35.0,34.68,协和电子,江苏,元器件,主板,L,2020-12-03 00:00:00,N,民营企业,https://stockpage.10jqka.com.cn/605258/
601086.SH,2026-03-05,2026-03-09,-0.6728174562821256,9.08,9.19,9.12,国芳集团,甘肃,百货,主板,L,2017-09-29 00:00:00,H,民营企业,https://stockpage.10jqka.com.cn/601086/
002352.SZ,2026-03-05,2026-03-09,-0.6732893291958391,36.72,37.25,36.91,顺丰控股,深圳,仓储物流,主板,L,2010-02-05 00:00:00,S,民营企业,https://stockpage.10jqka.com.cn/002352/
000902.SZ,2026-01-08,2026-01-12,-0.6734017770284156,15.82,15.96,15.8,新洋丰,湖北,农药化肥,主板,L,1999-04-08 00:00:00,S,民营企业,https://stockpage.10jqka.com.cn/000902/
688247.SH,2026-02-06,2026-02-10,-0.6735524901975871,10.41,10.55,10.45,宣泰医药,上海,化学制药,科创板,L,2022-08-25 00:00:00,H,企业,https://stockpage.10jqka.com.cn/688247/
603059.SH,2026-02-04,2026-02-06,-0.6748584009039205,40.79,42.48,41.3,倍加洁,江苏,日用化工,主板,L,2018-03-02 00:00:00,N,民营企业,https://stockpage.10jqka.com.cn/603059/
300801.SZ,2026-01-20,2026-01-22,-0.6748980280496323,34.84,35.82,35.22,泰和科技,山东,化工原料,创业板,L,2019-11-28 00:00:00,S,民营企业,https://stockpage.10jqka.com.cn/300801/
300866.SZ,2026-02-04,2026-02-06,-0.6752852051524737,101.78,104.26,102.72,安克创新,湖南,元器件,创业板,L,2020-08-24 00:00:00,S,民营企业,https://stockpage.10jqka.com.cn/300866/
688048.SH,2026-01-15,2026-01-19,-0.6754881204647433,128.52,130.22,128.0,长光华芯,江苏,半导体,科创板,L,2022-04-01 00:00:00,H,其他,https://stockpage.10jqka.com.cn/688048/
300346.SZ,2025-12-15,2025-12-17,-0.6767749145106071,47.05,47.71,47.22,南大光电,江苏,半导体,创业板,L,2012-08-07 00:00:00,S,其他,https://stockpage.10jqka.com.cn/300346/
605222.SH,2026-02-26,2026-03-02,-0.6781470573124277,21.75,21.98,21.8,起帆电缆,上海,电气设备,主板,L,2020-07-31 00:00:00,H,民营企业,https://stockpage.10jqka.com.cn/605222/
688239.SH,2026-03-05,2026-03-09,-0.6782336328788239,73.1,75.22,73.49,航宇科技,贵州,航空,科创板,L,2021-07-05 00:00:00,H,自然人,https://stockpage.10jqka.com.cn/688239/
600105.SH,2026-01-28,2026-01-30,-0.6788023746967113,26.3,26.87,26.43,永鼎股份,江苏,通信设备,主板,L,1997-09-29 00:00:00,H,民营企业,https://stockpage.10jqka.com.cn/600105/
002575.SZ,2026-01-28,2026-01-30,-0.679046414736501,7.11,7.4,7.2,群兴玩具,广东,文教休闲,主板,L,2011-04-22 00:00:00,S,其他,https://stockpage.10jqka.com.cn/002575/
603601.SH,2026-02-25,2026-02-27,-0.6806131769974721,13.02,13.23,13.1,再升科技,重庆,玻璃,主板,L,2015-01-22 00:00:00,N,民营企业,https://stockpage.10jqka.com.cn/603601/
688213.SH,2026-02-26,2026-03-02,-0.6816153590157533,96.36,97.41,96.58,思特威-W,上海,半导体,科创板,L,2022-05-20 00:00:00,H,自然人,https://stockpage.10jqka.com.cn/688213/
000610.SZ,2026-01-14,2026-01-16,-0.682336605305894,13.11,13.33,13.17,西安旅游,陕西,旅游服务,主板,L,1996-09-26 00:00:00,N,地方国有企业,https://stockpage.10jqka.com.cn/000610/
300793.SZ,2026-03-05,2026-03-09,-0.6824095003808524,15.98,16.1,15.91,佳禾智能,广东,IT设备,创业板,L,2019-10-18 00:00:00,S,民营企业,https://stockpage.10jqka.com.cn/300793/
300729.SZ,2026-03-05,2026-03-09,-0.6824893932179259,13.43,13.69,13.5,乐歌股份,浙江,家居用品,创业板,L,2017-12-01 00:00:00,S,民营企业,https://stockpage.10jqka.com.cn/300729/
603599.SH,2026-03-06,2026-03-10,-0.6828829884072998,14.74,14.9,14.8,广信股份,安徽,农药化肥,主板,L,2015-05-13 00:00:00,H,民营企业,https://stockpage.10jqka.com.cn/603599/
603938.SH,2026-02-25,2026-02-27,-0.6834394291129926,26.88,28.37,27.41,三孚股份,河北,化工原料,主板,L,2017-06-28 00:00:00,H,民营企业,https://stockpage.10jqka.com.cn/603938/
600470.SH,2026-01-23,2026-01-27,-0.6843302556600662,6.72,6.79,6.68,六国化工,安徽,农药化肥,主板,L,2004-03-05 00:00:00,N,其他,https://stockpage.10jqka.com.cn/600470/
002199.SZ,2025-12-29,2025-12-31,-0.6844643463501561,8.56,8.7,8.49,*ST东晶,浙江,元器件,主板,L,2007-12-21 00:00:00,N,民营企业,https://stockpage.10jqka.com.cn/002199/
000426.SZ,2026-01-20,2026-01-22,-0.6851471254064413,51.75,54.2,52.66,兴业银锡,内蒙,铅锌,主板,L,1996-08-28 00:00:00,S,民营企业,https://stockpage.10jqka.com.cn/000426/
300531.SZ,2026-03-05,2026-03-09,-0.6855504940604022,16.2,16.48,16.3,优博讯,深圳,IT设备,创业板,L,2016-08-09 00:00:00,S,外资,https://stockpage.10jqka.com.cn/300531/
600875.SH,2026-03-05,2026-03-09,-0.6866051029158647,42.21,44.22,43.0,东方电气,四川,电气设备,主板,L,1995-10-10 00:00:00,H,中央企业,https://stockpage.10jqka.com.cn/600875/
603607.SH,2025-12-29,2025-12-31,-0.6882458392299515,27.14,27.59,27.3,京华激光,浙江,造纸,主板,L,2017-10-25 00:00:00,N,民营企业,https://stockpage.10jqka.com.cn/603607/
301018.SZ,2026-03-05,2026-03-09,-0.689199840087175,102.73,106.66,101.01,申菱环境,广东,专用机械,创业板,L,2021-07-07 00:00:00,S,民营企业,https://stockpage.10jqka.com.cn/301018/
301595.SZ,2026-03-05,2026-03-09,-0.690759044255579,62.47,65.23,63.53,太力科技,广东,橡胶,创业板,L,2025-05-19 00:00:00,N,民营企业,https://stockpage.10jqka.com.cn/301595/
300512.SZ,2026-03-05,2026-03-09,-0.6911746437005166,10.31,10.43,10.35,中亚股份,浙江,专用机械,创业板,L,2016-05-26 00:00:00,N,民营企业,https://stockpage.10jqka.com.cn/300512/
601898.SH,2026-02-04,2026-02-06,-0.6911993342007223,14.08,14.32,14.18,中煤能源,北京,煤炭开采,主板,L,2008-02-01 00:00:00,H,中央企业,https://stockpage.10jqka.com.cn/601898/
002518.SZ,2026-02-06,2026-02-10,-0.6914439265123195,51.8,53.15,52.09,科士达,深圳,电气设备,主板,L,2010-12-07 00:00:00,S,民营企业,https://stockpage.10jqka.com.cn/002518/
300054.SZ,2026-01-07,2026-01-09,-0.6915803919277584,44.83,45.54,45.01,鼎龙股份,湖北,化工原料,创业板,L,2010-02-11 00:00:00,S,民营企业,https://stockpage.10jqka.com.cn/300054/
002028.SZ,2026-03-05,2026-03-09,-0.6918371889344727,230.7,233.51,229.06,思源电气,上海,电气设备,主板,L,2004-08-05 00:00:00,S,民营企业,https://stockpage.10jqka.com.cn/002028/
000531.SZ,2026-03-06,2026-03-10,-0.6918659389487942,7.07,7.15,7.1,穗恒运Ａ,广东,火力发电,主板,L,1994-01-06 00:00:00,S,地方国有企业,https://stockpage.10jqka.com.cn/000531/
600251.SH,2026-01-28,2026-01-30,-0.69252170316049,10.92,11.14,10.86,冠农股份,新疆,农业综合,主板,L,2003-06-09 00:00:00,H,地方国有企业,https://stockpage.10jqka.com.cn/600251/
301326.SZ,2026-03-05,2026-03-09,-0.6927671429019622,147.17,154.0,147.1,捷邦科技,广东,元器件,创业板,L,2022-09-21 00:00:00,S,民营企业,https://stockpage.10jqka.com.cn/301326/
301199.SZ,2026-01-15,2026-01-19,-0.6931745858417924,24.74,25.04,24.86,迈赫股份,山东,专用机械,创业板,L,2021-12-07 00:00:00,N,民营企业,https://stockpage.10jqka.com.cn/301199/
600229.SH,2026-03-05,2026-03-09,-0.6932979753848096,6.24,6.32,6.27,城市传媒,山东,出版业,主板,L,2000-03-09 00:00:00,H,地方国有企业,https://stockpage.10jqka.com.cn/600229/
600340.SH,2026-01-07,2026-01-09,-0.6935789342968114,2.26,2.29,2.25,华夏幸福,河北,园区开发,主板,L,2003-12-30 00:00:00,H,民营企业,https://stockpage.10jqka.com.cn/600340/
002593.SZ,2026-03-05,2026-03-09,-0.6936971368017347,5.73,5.83,5.77,日上集团,福建,钢加工,主板,L,2011-06-28 00:00:00,N,民营企业,https://stockpage.10jqka.com.cn/002593/
